full_name,stars,watchers,forks,stars_delta,watchers_delta,forks_delta,url
anthropics/claude-code,76693,76693,6220,116,116,21,https://github.com/anthropics/claude-code
affaan-m/everything-claude-code,71818,71818,9016,475,475,50,https://github.com/affaan-m/everything-claude-code
shareAI-lab/learn-claude-code,25189,25189,4548,52,52,6,https://github.com/shareAI-lab/learn-claude-code
musistudio/claude-code-router,29444,29444,2262,11,11,1,https://github.com/musistudio/claude-code-router
davila7/claude-code-templates,22700,22700,2163,12,12,1,https://github.com/davila7/claude-code-templates
hesreallyhim/awesome-claude-code,27493,27493,1778,41,41,6,https://github.com/hesreallyhim/awesome-claude-code
anthropics/claude-code-action,6184,6184,1533,2,2,1,https://github.com/anthropics/claude-code-action
VoltAgent/awesome-claude-code-subagents,13348,13348,1464,68,68,13,https://github.com/VoltAgent/awesome-claude-code-subagents
shanraisshan/claude-code-best-practice,13282,13282,1236,50,50,4,https://github.com/shanraisshan/claude-code-best-practice
diet103/claude-code-infrastructure-showcase,9225,9225,1191,2,2,1,https://github.com/diet103/claude-code-infrastructure-showcase
frankbria/ralph-claude-code,7707,7707,550,17,17,2,https://github.com/frankbria/ralph-claude-code
Piebald-AI/claude-code-system-prompts,5697,5697,791,19,19,0,https://github.com/Piebald-AI/claude-code-system-prompts
ChrisWiles/claude-code-showcase,5495,5495,468,2,2,0,https://github.com/ChrisWiles/claude-code-showcase
OneRedOak/claude-code-workflows,3702,3702,545,0,0,0,https://github.com/OneRedOak/claude-code-workflows
1rgs/claude-code-proxy,3192,3192,422,1,1,-1,https://github.com/1rgs/claude-code-proxy
disler/claude-code-hooks-mastery,3271,3271,573,3,3,0,https://github.com/disler/claude-code-hooks-mastery
ykdojo/claude-code-tips,4416,4416,314,9,9,0,https://github.com/ykdojo/claude-code-tips
zebbern/claude-code-guide,3572,3572,332,5,5,0,https://github.com/zebbern/claude-code-guide
kodu-ai/claude-coder,5289,5289,199,0,0,0,https://github.com/kodu-ai/claude-coder
pedrohcgs/claude-code-my-workflow,599,599,1023,4,4,6,https://github.com/pedrohcgs/claude-code-my-workflow
anthropics/skills,90630,90630,9634,345,345,46,https://github.com/anthropics/skills
Maciek-roboblog/Claude-Code-Usage-Monitor,6882,6882,336,5,5,0,https://github.com/Maciek-roboblog/Claude-Code-Usage-Monitor
Yuyz0112/claude-code-reverse,2185,2185,365,1,1,0,https://github.com/Yuyz0112/claude-code-reverse
fuergaosi233/claude-code-proxy,2132,2132,304,0,0,1,https://github.com/fuergaosi233/claude-code-proxy
qwibitai/nanoclaw,21735,21735,4283,85,85,88,https://github.com/qwibitai/nanoclaw
Cranot/claude-code-guide,2465,2465,260,0,0,0,https://github.com/Cranot/claude-code-guide
anthropics/claude-code-security-review,3715,3715,303,5,5,0,https://github.com/anthropics/claude-code-security-review
anthropics/claude-code-base-action,601,601,589,0,0,0,https://github.com/anthropics/claude-code-base-action
router-for-me/CLIProxyAPI,15549,15549,2524,74,74,10,https://github.com/router-for-me/CLIProxyAPI
RichardAtCT/claude-code-telegram,2021,2021,252,2,2,2,https://github.com/RichardAtCT/claude-code-telegram
edmund-io/edmunds-claude-code,1306,1306,271,0,0,0,https://github.com/edmund-io/edmunds-claude-code
https-deeplearning-ai/sc-claude-code-files,449,449,603,0,0,0,https://github.com/https-deeplearning-ai/sc-claude-code-files
Pimzino/claude-code-spec-workflow,3514,3514,248,1,1,0,https://github.com/Pimzino/claude-code-spec-workflow
wshobson/agents,30980,30980,3398,20,20,2,https://github.com/wshobson/agents
ding113/claude-code-hub,1737,1737,214,7,7,1,https://github.com/ding113/claude-code-hub
eyaltoledano/claude-task-master,25892,25892,2450,6,6,2,https://github.com/eyaltoledano/claude-task-master
snarktank/ralph,12625,12625,1345,17,17,3,https://github.com/snarktank/ralph
siteboon/claudecodeui,8250,8250,1052,13,13,3,https://github.com/siteboon/claudecodeui
EveryInc/compound-engineering-plugin,10245,10245,815,26,26,-1,https://github.com/EveryInc/compound-engineering-plugin
feiskyer/claude-code-settings,1291,1291,191,0,0,0,https://github.com/feiskyer/claude-code-settings
obra/superpowers,77793,77793,6017,368,368,26,https://github.com/obra/superpowers
carlvellotti/claude-code-pm-course,1602,1602,238,3,3,-1,https://github.com/carlvellotti/claude-code-pm-course
sugyan/claude-code-webui,954,954,219,1,1,0,https://github.com/sugyan/claude-code-webui
ghuntley/claude-code-source-code-deobfuscation,858,858,421,0,0,0,https://github.com/ghuntley/claude-code-source-code-deobfuscation
lst97/claude-code-sub-agents,1457,1457,235,0,0,0,https://github.com/lst97/claude-code-sub-agents
FlorianBruniaux/claude-code-ultimate-guide,1293,1293,229,31,31,3,https://github.com/FlorianBruniaux/claude-code-ultimate-guide
github/spec-kit,75886,75886,6462,79,79,4,https://github.com/github/spec-kit
nishimoto265/Claude-Code-Communication,493,493,239,0,0,0,https://github.com/nishimoto265/Claude-Code-Communication
darcyegb/ClaudeCodeAgents,585,585,53,2,2,1,https://github.com/darcyegb/ClaudeCodeAgents
sickn33/antigravity-awesome-skills,23259,23259,4001,116,116,15,https://github.com/sickn33/antigravity-awesome-skills
centminmod/my-claude-code-setup,1954,1954,181,1,1,0,https://github.com/centminmod/my-claude-code-setup
bfly123/claude_code_bridge,1536,1536,141,10,10,1,https://github.com/bfly123/claude_code_bridge
rizethereum/claude-code-requirements-builder,1753,1753,173,0,0,0,https://github.com/rizethereum/claude-code-requirements-builder
zhukunpenglinyutong/idea-claude-code-gui,1593,1593,181,-2,-2,1,https://github.com/zhukunpenglinyutong/idea-claude-code-gui
slopus/happy,14889,14889,1156,27,27,3,https://github.com/slopus/happy
Njengah/claude-code-cheat-sheet,1415,1415,181,3,3,1,https://github.com/Njengah/claude-code-cheat-sheet
andrepimenta/claude-code-chat,999,999,153,0,0,0,https://github.com/andrepimenta/claude-code-chat
steipete/claude-code-mcp,1168,1168,142,1,1,1,https://github.com/steipete/claude-code-mcp
disler/claude-code-hooks-multi-agent-observability,1257,1257,354,2,2,1,https://github.com/disler/claude-code-hooks-multi-agent-observability
trailofbits/claude-code-config,1554,1554,119,4,4,0,https://github.com/trailofbits/claude-code-config
anthropics/claude-plugins-official,9800,9800,1000,35,35,6,https://github.com/anthropics/claude-plugins-official
catlog22/Claude-Code-Workflow,1462,1462,120,1,1,0,https://github.com/catlog22/Claude-Code-Workflow
farion1231/cc-switch,26754,26754,1622,92,92,5,https://github.com/farion1231/cc-switch
JessyTsui/Claude-Code-Remote,1153,1153,124,1,1,1,https://github.com/JessyTsui/Claude-Code-Remote
simonw/claude-code-transcripts,1121,1121,124,2,2,0,https://github.com/simonw/claude-code-transcripts
peterkrueck/Claude-Code-Development-Kit,1324,1324,152,0,0,0,https://github.com/peterkrueck/Claude-Code-Development-Kit
pchalasani/claude-code-tools,1574,1574,100,0,0,0,https://github.com/pchalasani/claude-code-tools
jeremylongshore/claude-code-plugins-plus-skills,1581,1581,192,4,4,2,https://github.com/jeremylongshore/claude-code-plugins-plus-skills
jarrodwatts/claude-code-config,977,977,121,1,1,0,https://github.com/jarrodwatts/claude-code-config
0xfurai/claude-code-subagents,767,767,140,1,1,0,https://github.com/0xfurai/claude-code-subagents
winfunc/opcode,20879,20879,1608,7,7,0,https://github.com/winfunc/opcode
alirezarezvani/claude-code-tresor,601,601,140,2,2,0,https://github.com/alirezarezvani/claude-code-tresor
wasabeef/claude-code-cookbook,1035,1035,111,0,0,0,https://github.com/wasabeef/claude-code-cookbook
d-kimuson/claude-code-viewer,961,961,110,1,1,0,https://github.com/d-kimuson/claude-code-viewer
revfactory/claude-code-mastering,760,760,124,0,0,0,https://github.com/revfactory/claude-code-mastering
ComposioHQ/awesome-claude-skills,43067,43067,4319,82,82,10,https://github.com/ComposioHQ/awesome-claude-skills
cixingguangming55555/wechat-bot,2535,2535,666,0,0,0,https://github.com/cixingguangming55555/wechat-bot
KimYx0207/Claude-Code-x-OpenClaw-Guide-Zh,1851,1851,280,16,16,11,https://github.com/KimYx0207/Claude-Code-x-OpenClaw-Guide-Zh
Alishahryar1/free-claude-code,892,892,108,9,9,2,https://github.com/Alishahryar1/free-claude-code
anthropics/claude-agent-sdk-demos,1667,1667,259,3,3,1,https://github.com/anthropics/claude-agent-sdk-demos
EnzeD/vibe-coding,4033,4033,1364,1,1,0,https://github.com/EnzeD/vibe-coding
alirezarezvani/claude-skills,4223,4223,470,64,64,10,https://github.com/alirezarezvani/claude-skills
numman-ali/openskills,8955,8955,571,7,7,0,https://github.com/numman-ali/openskills
code-yeongyu/oh-my-openagent,39123,39123,2957,97,97,8,https://github.com/code-yeongyu/oh-my-openagent
ericbuess/claude-code-docs,728,728,103,0,0,0,https://github.com/ericbuess/claude-code-docs
Yeachan-Heo/oh-my-claudecode,9342,9342,657,32,32,0,https://github.com/Yeachan-Heo/oh-my-claudecode
severity1/claude-code-prompt-improver,1239,1239,107,0,0,0,https://github.com/severity1/claude-code-prompt-improver
MadAppGang/claude-code,243,243,25,0,0,0,https://github.com/MadAppGang/claude-code
anthropics/claude-agent-sdk-python,5336,5336,712,3,3,1,https://github.com/anthropics/claude-agent-sdk-python
browser-use/browser-use,80384,80384,9493,30,30,6,https://github.com/browser-use/browser-use
kn1026/cc,704,704,270,0,0,0,https://github.com/kn1026/cc
greggh/claude-code.nvim,1910,1910,61,2,2,0,https://github.com/greggh/claude-code.nvim
daymade/claude-code-skills,640,640,93,2,2,0,https://github.com/daymade/claude-code-skills
anomalyco/opencode,120255,120255,12390,144,144,19,https://github.com/anomalyco/opencode
lyconear/Claude-Code,4,4,147,0,0,0,https://github.com/lyconear/Claude-Code
BloopAI/vibe-kanban,22975,22975,2247,23,23,2,https://github.com/BloopAI/vibe-kanban
gsd-build/get-shit-done,28048,28048,2371,144,144,16,https://github.com/gsd-build/get-shit-done
rohitg00/awesome-claude-code-toolkit,674,674,117,-1,-1,0,https://github.com/rohitg00/awesome-claude-code-toolkit
opactorai/Claudable,3803,3803,567,1,1,0,https://github.com/opactorai/Claudable
ccplugins/awesome-claude-code-plugins,617,617,124,617,617,124,https://github.com/ccplugins/awesome-claude-code-plugins
